{"train-loss": 4.3023117027813855, "epoch": 12, "_timestamp": 1679802238.146433, "_runtime": 2244.718912124634, "_step": 12}