{"train-loss": 5.302773620655287, "epoch": 0, "_timestamp": 1679782197.1735935, "_runtime": 162.98470258712769, "_step": 0, "_wandb": {"runtime": 163}}