{"train-loss": 4.127035477174624, "epoch": 19, "_timestamp": 1679789485.4774437, "_runtime": 3692.5529086589813, "_step": 19, "_wandb": {"runtime": 3692}}