{"train-loss": 4.388743332962491, "epoch": 2, "_timestamp": 1679785469.5749283, "_runtime": 479.02438020706177, "_step": 2}