{"train-loss": 3.9124192143070102, "epoch": 19, "_timestamp": 1679796547.5008183, "_runtime": 3516.4351513385773, "_step": 19, "_wandb": {"runtime": 3515}}