{"train-loss": 4.867705144239276, "epoch": 0, "_timestamp": 1679782361.4860091, "_runtime": 158.16951203346252, "_step": 0, "_wandb": {"runtime": 157}}