{"train-loss": 3.8296290178909445, "epoch": 19, "_timestamp": 1679793025.08343, "_runtime": 3533.822406053543, "_step": 19, "_wandb": {"runtime": 3532}}