{"train-loss": 4.083936781351811, "epoch": 19, "_timestamp": 1679799987.5098789, "_runtime": 3434.107395887375, "_step": 19, "_wandb": {"runtime": 3433}}