{"train-loss": 4.524698665782587, "epoch": 2, "_timestamp": 1679783375.027305, "_runtime": 486.72466683387756, "_step": 2}