{"train-loss": 5.100498275970345, "epoch": 0, "_timestamp": 1679781945.5046926, "_runtime": 170.27193665504456, "_step": 0, "_wandb": {"runtime": 170}}