{"train-loss": 4.994831625441933, "epoch": 0, "_timestamp": 1679782522.2119586, "_runtime": 155.53482866287231, "_step": 0, "_wandb": {"runtime": 154}}